Time,GMSL (mm),GMSL uncertainty (mm)
1880.0417,-183,24.2
1880.125,-171.1,24.2
1880.2083,-164.3,24.2
1880.2917,-158.2,24.2
1880.375,-158.7,24.2
1880.4583,-159.6,24.2
1880.5417,-159.6,24.2
1880.625,-161.8,24.2
1880.7083,-158.9,24.2
1880.7917,-150.3,24.2
1880.875,-144.5,24.2
1880.9583,-134.7,24.2
1881.0417,-136.4,24.2
1881.125,-139.2,24.2
1881.2083,-145.2,24.2
1881.2917,-151.1,24.2
1881.375,-152.2,24.2
1881.4583,-154.2,24.2
1881.5417,-147.7,24.2
1881.625,-151.4,24.2
1881.7083,-156,24.2
1881.7917,-165.5,24.2
1881.875,-167.9,24.2
1881.9583,-169.9,24.2
1882.0417,-167.8,24.2
1882.125,-162,22.9
1882.2083,-158.8,22.9
1882.2917,-160.6,22.9
1882.375,-164.5,22.9
1882.4583,-165.2,22.9
1882.5417,-167.3,22.9
1882.625,-169,22.9
1882.7083,-174.9,22.9
1882.7917,-181.5,22.9
1882.875,-182.5,22.9
1882.9583,-184.5,22.9
1883.0417,-179.9,22.8
1883.125,-180,22.8
1883.2083,-172.4,22.8
1883.2917,-172.3,22.8
1883.375,-164,22.8
1883.4583,-163.6,22.8
1883.5417,-161.1,22.8
1883.625,-162,22.8
1883.7083,-159.3,22.8
1883.7917,-158.2,22.8
1883.875,-153.2,22.8
1883.9583,-149.1,22.8
1884.0417,-142.5,22.2
1884.125,-139.5,22.2
1884.2083,-137,22.2
1884.2917,-135.2,22.2
1884.375,-136,22.2
1884.4583,-140,22.2
1884.5417,-143.3,22.2
1884.625,-146.8,22.2
1884.7083,-150.4,22.2
1884.7917,-150.4,22.2
1884.875,-154,22.2
1884.9583,-149.9,22.2
1885.0417,-153.1,22.2
1885.125,-148.3,21.9
1885.2083,-145.3,21.9
1885.2917,-142.7,21.9
1885.375,-143.1,21.9
1885.4583,-142.7,21.9
1885.5417,-148.4,21.9
1885.625,-143.2,21.9
1885.7083,-146.5,21.9
1885.7917,-141.2,21.9
1885.875,-143.3,21.9
1885.9583,-145.1,21.9
1886.0417,-147.3,20.8
1886.125,-152.2,20.8
1886.2083,-146.8,20.8
1886.2917,-142,20.8
1886.375,-134.7,20.8
1886.4583,-135.4,20.8
1886.5417,-140.8,20.8
1886.625,-147.7,20.8
1886.7083,-155.1,20.8
1886.7917,-155.2,20.8
1886.875,-157.9,20.8
1886.9583,-155.8,20.8
1887.0417,-162.2,20.7
1887.125,-165.8,20.7
1887.2083,-162.9,20.8
1887.2917,-158.8,20.8
1887.375,-151.9,20.8
1887.4583,-147.1,20.8
1887.5417,-147.3,20.8
1887.625,-147.5,20.8
1887.7083,-150.6,20.8
1887.7917,-147.5,20.8
1887.875,-148.8,20.8
1887.9583,-148,20.8
1888.0417,-155.3,20.8
1888.125,-155.6,20.8
1888.2083,-155,20.8
1888.2917,-155.2,20.8
1888.375,-154.2,20.8
1888.4583,-151.6,20.8
1888.5417,-149,20.8
1888.625,-148.5,20.8
1888.7083,-151.5,20.8
1888.7917,-145,20.8
1888.875,-146,20.8
1888.9583,-146,20.8
1889.0417,-151.1,20.8
1889.125,-147.4,20.8
1889.2083,-144.3,20.7
1889.2917,-145,20.7
1889.375,-145.9,20.7
1889.4583,-145.8,20.7
1889.5417,-147,20.7
1889.625,-147.6,20.7
1889.7083,-151.3,20.7
1889.7917,-153.8,20.7
1889.875,-157.6,20.7
1889.9583,-157.2,20.7
1890.0417,-152.3,20.7
1890.125,-151.4,20.7
1890.2083,-140,20.7
1890.2917,-138.1,20.7
1890.375,-135.3,20.7
1890.4583,-140.2,20.7
1890.5417,-144.2,20.7
1890.625,-147.8,20.7
1890.7083,-149.4,20.7
1890.7917,-151.8,20.7
1890.875,-155.9,20.7
1890.9583,-163.9,20.7
1891.0417,-162.9,20.7
1891.125,-163.9,20.7
1891.2083,-148.1,20.7
1891.2917,-150.8,20.7
1891.375,-145.4,20.7
1891.4583,-148.4,20.7
1891.5417,-143.8,20.7
1891.625,-142.2,20.7
1891.7083,-143.2,20.7
1891.7917,-144.5,20.7
1891.875,-148.2,20.7
1891.9583,-148.8,20.7
1892.0417,-145.8,20.7
1892.125,-139.3,20.7
1892.2083,-139.8,20.7
1892.2917,-138.6,20.7
1892.375,-143.1,20.7
1892.4583,-141.6,20.7
1892.5417,-145.8,20.7
1892.625,-146.6,20.7
1892.7083,-151.7,20.7
1892.7917,-151.5,20.7
1892.875,-156.3,20.7
1892.9583,-152.4,20.7
1893.0417,-147.5,20.2
1893.125,-143.8,20.2
1893.2083,-136.7,20.2
1893.2917,-137.9,20.2
1893.375,-139.2,20.2
1893.4583,-140.5,20.2
1893.5417,-140.7,20.2
1893.625,-139,20.2
1893.7083,-139,20.2
1893.7917,-140.6,20.2
1893.875,-145.1,20.2
1893.9583,-145.6,21.6
1894.0417,-148.4,21.6
1894.125,-147.5,21.6
1894.2083,-149.9,21.6
1894.2917,-148.9,21.6
1894.375,-152.1,21.6
1894.4583,-152.7,21.6
1894.5417,-154.5,21.6
1894.625,-154.7,21.6
1894.7083,-157.6,21.6
1894.7917,-153.3,21.6
1894.875,-151.4,21.6
1894.9583,-140.8,21.6
1895.0417,-138.9,21.6
1895.125,-134.9,21.6
1895.2083,-140,21.6
1895.2917,-141.4,21.6
1895.375,-148,21.6
1895.4583,-142.3,21.6
1895.5417,-141,21.6
1895.625,-137.4,21.6
1895.7083,-139.4,21.6
1895.7917,-132.3,21.6
1895.875,-135.8,21.6
1895.9583,-138.8,21.6
1896.0417,-148.4,21.6
1896.125,-158.4,21.5
1896.2083,-155.4,21.5
1896.2917,-150.4,21.5
1896.375,-144.1,21.5
1896.4583,-135.3,21.1
1896.5417,-138,21.1
1896.625,-138.9,20.9
1896.7083,-144.2,20.9
1896.7917,-146.9,20.9
1896.875,-149.7,20.9
1896.9583,-152.1,20.9
1897.0417,-149.5,20.8
1897.125,-149.8,20.8
1897.2083,-143.9,20.8
1897.2917,-142.2,20.8
1897.375,-132.6,20.8
1897.4583,-130.8,20.3
1897.5417,-127.1,20.3
1897.625,-129.8,21
1897.7083,-136.5,21
1897.7917,-143.5,21
1897.875,-158.1,21
1897.9583,-155.5,21
1898.0417,-149,19.7
1898.125,-134.5,19.7
1898.2083,-126.6,19.7
1898.2917,-124.9,19.7
1898.375,-123.6,19.7
1898.4583,-129.7,19.7
1898.5417,-133.4,19.7
1898.625,-139.5,19.7
1898.7083,-137.4,19.7
1898.7917,-132.3,19.7
1898.875,-128.4,19.7
1898.9583,-127.3,19.7
1899.0417,-126.7,19.4
1899.125,-129,19.4
1899.2083,-128,19.4
1899.2917,-125,19.4
1899.375,-127.9,19.4
1899.4583,-128.6,19.4
1899.5417,-131.9,19.4
1899.625,-125.8,19.4
1899.7083,-120.1,19.4
1899.7917,-114.3,19.4
1899.875,-117.1,19.4
1899.9583,-122.5,19.4
1900.0417,-128.9,18.3
1900.125,-130.8,18.3
1900.2083,-129.5,18.3
1900.2917,-129.8,18.3
1900.375,-127.3,18.3
1900.4583,-128.2,18.3
1900.5417,-130.5,18.3
1900.625,-128.7,18.3
1900.7083,-135.1,18.3
1900.7917,-130.2,18.3
1900.875,-132.1,18.3
1900.9583,-130.1,18.3
1901.0417,-132.8,18.3
1901.125,-134.7,18.3
1901.2083,-135,17.4
1901.2917,-131,17.4
1901.375,-135,17.4
1901.4583,-133.7,17.4
1901.5417,-136.2,17.4
1901.625,-131,17.4
1901.7083,-127,17.4
1901.7917,-124.1,17.4
1901.875,-122.6,17.4
1901.9583,-123.3,17.5
1902.0417,-122.6,17.4
1902.125,-122.1,17.4
1902.2083,-123.3,17.4
1902.2917,-128,17.4
1902.375,-132.3,17.4
1902.4583,-132.9,17.4
1902.5417,-131.7,17.3
1902.625,-127.8,17.3
1902.7083,-124.4,17.3
1902.7917,-121.8,17.3
1902.875,-121.3,17.3
1902.9583,-122.8,17.3
1903.0417,-121.2,17
1903.125,-121.7,17
1903.2083,-115,17
1903.2917,-110.3,17
1903.375,-109.8,17
1903.4583,-110.6,17
1903.5417,-116.2,17
1903.625,-119.5,17
1903.7083,-123.6,17
1903.7917,-120.6,17
1903.875,-124.2,16.7
1903.9583,-121.5,17.1
1904.0417,-125.9,17.1
1904.125,-118.2,17.1
1904.2083,-122.9,17.1
1904.2917,-123.3,17.1
1904.375,-128.3,16.8
1904.4583,-126.6,16.8
1904.5417,-130.2,16.8
1904.625,-131.2,16.8
1904.7083,-132.6,16.8
1904.7917,-131.6,16.8
1904.875,-132.3,16.8
1904.9583,-134.8,16.8
1905.0417,-138,15.4
1905.125,-140.1,15.4
1905.2083,-139.6,15.4
1905.2917,-138.1,15.4
1905.375,-136,15.4
1905.4583,-134.4,15.4
1905.5417,-132,15.4
1905.625,-128.1,15.4
1905.7083,-125.4,15.4
1905.7917,-127.6,15.4
1905.875,-130.7,15.4
1905.9583,-134.8,15.4
1906.0417,-131.8,14.7
1906.125,-129.5,14.7
1906.2083,-128.1,14.7
1906.2917,-128.9,14.7
1906.375,-125.5,14.7
1906.4583,-124.1,14.7
1906.5417,-122.3,14.7
1906.625,-125.4,14.7
1906.7083,-124.9,14.7
1906.7917,-125.7,14.7
1906.875,-127.6,14.7
1906.9583,-128.8,14.9
1907.0417,-129.5,14.9
1907.125,-126.4,14.9
1907.2083,-125.2,14.9
1907.2917,-122.8,14.9
1907.375,-125.1,14.9
1907.4583,-123.2,14.9
1907.5417,-126.4,14.9
1907.625,-123.8,14.9
1907.7083,-131.7,14.9
1907.7917,-133.1,14.9
1907.875,-137.6,14.9
1907.9583,-134.5,14.9
1908.0417,-131.1,14.5
1908.125,-129.1,14.5
1908.2083,-129.2,14.5
1908.2917,-131.4,14.5
1908.375,-132.5,14.5
1908.4583,-127.9,14.5
1908.5417,-127.3,14.5
1908.625,-124.9,14.5
1908.7083,-130.1,14.5
1908.7917,-134.3,14.3
1908.875,-136.3,14.3
1908.9583,-135.4,14.3
1909.0417,-127.7,14.3
1909.125,-125.1,14.3
1909.2083,-120.6,14.3
1909.2917,-123.4,14.3
1909.375,-126.2,14.3
1909.4583,-130.8,14.3
1909.5417,-129,14.3
1909.625,-129.8,14.3
1909.7083,-126.3,15.1
1909.7917,-126.4,15.1
1909.875,-124.5,15.1
1909.9583,-125.9,15.1
1910.0417,-127.3,15.1
1910.125,-130.6,15.1
1910.2083,-129.9,14.9
1910.2917,-129.5,14.9
1910.375,-124.7,14.9
1910.4583,-124,14.9
1910.5417,-121.8,14.9
1910.625,-124.4,14.1
1910.7083,-124.4,14.1
1910.7917,-126.4,14.1
1910.875,-126.6,14.1
1910.9583,-127.4,14.3
1911.0417,-127.4,14.3
1911.125,-123.9,14.3
1911.2083,-121.1,14.3
1911.2917,-120.6,14.3
1911.375,-121.8,14.3
1911.4583,-121.2,14.3
1911.5417,-120.1,14.1
1911.625,-114.1,14.1
1911.7083,-111.2,14
1911.7917,-108.1,14
1911.875,-112.7,14
1911.9583,-114.5,14.1
1912.0417,-121.9,14.1
1912.125,-123.7,14.1
1912.2083,-127.2,14.1
1912.2917,-127.1,14.1
1912.375,-126,14.1
1912.4583,-120.7,14.1
1912.5417,-119.9,14.1
1912.625,-118.6,14.2
1912.7083,-119.1,14.2
1912.7917,-118.7,14.4
1912.875,-116.7,14.4
1912.9583,-114.4,14.3
1913.0417,-119.8,14.3
1913.125,-123.2,14
1913.2083,-128.2,14
1913.2917,-127.7,14
1913.375,-126,14
1913.4583,-120.7,14
1913.5417,-117.2,14
1913.625,-114.3,14
1913.7083,-114,14
1913.7917,-114.8,14
1913.875,-110.8,14
1913.9583,-116,14.2
1914.0417,-110.9,14.2
1914.125,-117,14.2
1914.2083,-115.3,14.2
1914.2917,-118.1,13.7
1914.375,-116.8,13.7
1914.4583,-119.9,13.7
1914.5417,-119.7,13.7
1914.625,-122.5,13.7
1914.7083,-117,13.7
1914.7917,-111.8,13.7
1914.875,-99,13.7
1914.9583,-88.6,13.7
1915.0417,-83.7,13.6
1915.125,-85.2,13.6
1915.2083,-93.1,13.6
1915.2917,-102.3,13.6
1915.375,-108.5,13.6
1915.4583,-111.1,13.6
1915.5417,-113.6,13.6
1915.625,-114.4,13.6
1915.7083,-115.4,13.6
1915.7917,-115.2,13.6
1915.875,-109.7,13.6
1915.9583,-110,13.8
1916.0417,-103.7,13
1916.125,-106.3,13
1916.2083,-101.1,13
1916.2917,-104.1,13
1916.375,-102.8,12.9
1916.4583,-108,12.9
1916.5417,-111.7,12.9
1916.625,-115.9,12.9
1916.7083,-113.6,12.9
1916.7917,-111.7,13.1
1916.875,-103.8,13.1
1916.9583,-102.7,13.1
1917.0417,-102.8,13
1917.125,-109.1,12.8
1917.2083,-112.4,12.8
1917.2917,-115.9,12.8
1917.375,-115.1,12.8
1917.4583,-113.9,12.8
1917.5417,-110.1,12.8
1917.625,-110.7,12.8
1917.7083,-111.5,12.8
1917.7917,-113.1,12.8
1917.875,-113.7,12.8
1917.9583,-111.3,12.8
1918.0417,-109.7,12.7
1918.125,-113.5,12.7
1918.2083,-115.2,12.7
1918.2917,-117.1,12.7
1918.375,-114.6,12.7
1918.4583,-112.7,12.7
1918.5417,-112.1,12.7
1918.625,-113.6,12.7
1918.7083,-109.9,12.7
1918.7917,-112,12.7
1918.875,-111.8,12.7
1918.9583,-116.4,12.7
1919.0417,-118.1,12.6
1919.125,-119.9,12.6
1919.2083,-118.3,12.7
1919.2917,-115.4,12.7
1919.375,-112.7,12.7
1919.4583,-106.2,12.7
1919.5417,-107,12.7
1919.625,-103.5,12.7
1919.7083,-105.2,12.7
1919.7917,-108.5,12.6
1919.875,-109.9,12.6
1919.9583,-114.4,13
1920.0417,-114.9,13
1920.125,-116.9,13
1920.2083,-116.2,13
1920.2917,-112.1,13
1920.375,-107.4,13
1920.4583,-103.6,13
1920.5417,-103.2,13
1920.625,-106,13
1920.7083,-109.6,13
1920.7917,-110.8,13
1920.875,-112.2,13
1920.9583,-110.1,13.3
1921.0417,-110,13.1
1921.125,-106.9,13.1
1921.2083,-105.5,13.1
1921.2917,-104.1,13.1
1921.375,-102.1,13.1
1921.4583,-103.5,13.1
1921.5417,-105.1,13.1
1921.625,-111.3,13.1
1921.7083,-114.2,13.1
1921.7917,-113.1,13.1
1921.875,-113.6,13.1
1921.9583,-109.4,13.1
1922.0417,-111,13.1
1922.125,-106.7,13.1
1922.2083,-108,13.1
1922.2917,-107,13.1
1922.375,-105.9,13.1
1922.4583,-106.2,13.2
1922.5417,-111.3,13.2
1922.625,-114.7,13.2
1922.7083,-116.4,13.2
1922.7917,-112.5,13.2
1922.875,-106.6,13.2
1922.9583,-103.2,13.3
1923.0417,-104.6,13
1923.125,-109.2,13
1923.2083,-107.9,13
1923.2917,-103.6,13
1923.375,-99.3,12.9
1923.4583,-101.9,12.9
1923.5417,-107.5,12.9
1923.625,-110.5,12.9
1923.7083,-110.5,12.9
1923.7917,-109.7,12.9
1923.875,-113.9,12.9
1923.9583,-116.7,13
1924.0417,-118,13
1924.125,-112.7,13
1924.2083,-113.4,13
1924.2917,-111.8,13
1924.375,-115.2,13
1924.4583,-115.3,13.1
1924.5417,-116.8,13.1
1924.625,-116.1,13.1
1924.7083,-115.6,13.2
1924.7917,-115.7,13.2
1924.875,-117,13
1924.9583,-115.2,13.6
1925.0417,-112.3,13.6
1925.125,-110.6,13.6
1925.2083,-112.5,13.6
1925.2917,-115.3,13.6
1925.375,-114.8,13.6
1925.4583,-115,13.6
1925.5417,-115.3,13.6
1925.625,-116.3,13.6
1925.7083,-115,13.6
1925.7917,-112.9,13.6
1925.875,-110.9,13.6
1925.9583,-107.4,14.2
1926.0417,-111.3,14.1
1926.125,-112.2,14.1
1926.2083,-115.4,13.7
1926.2917,-112.3,13.7
1926.375,-110.3,13.7
1926.4583,-107.7,13.7
1926.5417,-104.5,13.6
1926.625,-97.9,13.6
1926.7083,-97.2,13.6
1926.7917,-96.3,13.6
1926.875,-105.8,13.6
1926.9583,-109.4,13.6
1927.0417,-113.4,13.2
1927.125,-109.1,13.2
1927.2083,-107.2,13.2
1927.2917,-104.9,13.2
1927.375,-105.3,13.1
1927.4583,-104.5,13.1
1927.5417,-106.3,13.1
1927.625,-103.7,12.5
1927.7083,-109.6,12.5
1927.7917,-106.9,12.5
1927.875,-110.7,12.5
1927.9583,-111.5,12.5
1928.0417,-117.7,12.5
1928.125,-117.6,12.4
1928.2083,-115.7,12.3
1928.2917,-110.4,12.3
1928.375,-108.9,12.3
1928.4583,-106.3,12.3
1928.5417,-106,12.3
1928.625,-105.6,12.3
1928.7083,-106.1,12.3
1928.7917,-111.2,12.3
1928.875,-115.6,12.3
1928.9583,-118.7,12.3
1929.0417,-120.8,12.3
1929.125,-115.8,12.4
1929.2083,-113.3,12.4
1929.2917,-107.4,12.1
1929.375,-109.9,12.1
1929.4583,-106.1,12.1
1929.5417,-106,12.1
1929.625,-106.4,12.1
1929.7083,-107,12.1
1929.7917,-109.4,12.1
1929.875,-109.2,12.1
1929.9583,-112.1,12.1
1930.0417,-110.8,12
1930.125,-112.3,12
1930.2083,-112.3,12
1930.2917,-114.3,11.9
1930.375,-112.7,11.9
1930.4583,-105.7,11.9
1930.5417,-98.2,11.9
1930.625,-96.1,11.9
1930.7083,-98.5,11.9
1930.7917,-101.5,11.9
1930.875,-105.6,11.9
1930.9583,-107.8,12.2
1931.0417,-106.9,12.2
1931.125,-109.1,12.2
1931.2083,-106.6,12.2
1931.2917,-108.5,12.2
1931.375,-106.4,12.2
1931.4583,-105.9,12.2
1931.5417,-101.9,12.2
1931.625,-103.7,12.2
1931.7083,-106,12.2
1931.7917,-109,12.2
1931.875,-109.9,12.2
1931.9583,-106.5,12.2
1932.0417,-104.1,11.9
1932.125,-100.8,11.9
1932.2083,-101.8,11.9
1932.2917,-100.5,11.9
1932.375,-102.2,11.9
1932.4583,-102.3,11.9
1932.5417,-101.5,11.9
1932.625,-102.9,11.9
1932.7083,-100.3,11.9
1932.7917,-100.7,11.9
1932.875,-98.2,11.8
1932.9583,-97.1,11.9
1933.0417,-93.8,11.8
1933.125,-93,11.8
1933.2083,-92.4,11.8
1933.2917,-92.6,11.8
1933.375,-95.2,11.8
1933.4583,-94.5,11.8
1933.5417,-99,11.8
1933.625,-97.7,11.8
1933.7083,-99,11.8
1933.7917,-98.7,11.7
1933.875,-102.2,11.7
1933.9583,-102.2,12
1934.0417,-101.5,11.9
1934.125,-99.1,11.8
1934.2083,-96.7,11.8
1934.2917,-97.8,11.8
1934.375,-98.7,11.8
1934.4583,-102.7,11.8
1934.5417,-103.3,11.8
1934.625,-107.3,11.8
1934.7083,-105.8,11.8
1934.7917,-108.5,11.8
1934.875,-102.6,11.8
1934.9583,-100.5,12
1935.0417,-95.5,12
1935.125,-93.3,12
1935.2083,-92.9,12
1935.2917,-91.7,12
1935.375,-95,11.8
1935.4583,-94.3,11.8
1935.5417,-95.3,11.8
1935.625,-96.1,11.8
1935.7083,-98.4,11.8
1935.7917,-101.3,11.8
1935.875,-102.8,11.8
1935.9583,-101,11.8
1936.0417,-97.1,11.7
1936.125,-94.7,11.7
1936.2083,-99.2,11.7
1936.2917,-102.5,11.7
1936.375,-104.4,11.8
1936.4583,-101.9,11.8
1936.5417,-102.9,11.8
1936.625,-100.9,11.8
1936.7083,-103.6,11.8
1936.7917,-99.3,11.8
1936.875,-100.6,11.8
1936.9583,-97.6,11.9
1937.0417,-98.9,11.8
1937.125,-93.9,11.8
1937.2083,-95.5,11.8
1937.2917,-93.5,11.8
1937.375,-94.9,11.9
1937.4583,-96.9,11.8
1937.5417,-96.6,11.8
1937.625,-97.4,11.8
1937.7083,-93.9,11.8
1937.7917,-93.4,11.8
1937.875,-91.5,11.8
1937.9583,-89.9,11.8
1938.0417,-87.7,11.7
1938.125,-86.4,11.7
1938.2083,-85.9,11.7
1938.2917,-88,11.7
1938.375,-93.7,11.7
1938.4583,-96.8,11.7
1938.5417,-101.3,11.7
1938.625,-97.8,11.7
1938.7083,-96.1,11.7
1938.7917,-90.7,11.7
1938.875,-89.9,11.7
1938.9583,-90.6,12.6
1939.0417,-90,12.4
1939.125,-94.4,12.4
1939.2083,-91.8,12.4
1939.2917,-89.7,12.4
1939.375,-84.4,12.4
1939.4583,-77.7,12.1
1939.5417,-77.6,12.1
1939.625,-80.4,12.1
1939.7083,-86.9,12.1
1939.7917,-91,12
1939.875,-89.4,12
1939.9583,-89.2,12.1
1940.0417,-88.3,11.1
1940.125,-89.5,11.1
1940.2083,-91.2,11.1
1940.2917,-95.9,11
1940.375,-96.6,11
1940.4583,-101,11
1940.5417,-99.1,11
1940.625,-96.2,11
1940.7083,-92.2,11
1940.7917,-87.9,11
1940.875,-84.7,11
1940.9583,-83.7,11
1941.0417,-84.4,10.9
1941.125,-81.2,10.9
1941.2083,-80.8,10.9
1941.2917,-79.4,10.9
1941.375,-81.3,10.8
1941.4583,-81.3,10.8
1941.5417,-78.3,10.8
1941.625,-73.9,10.8
1941.7083,-74.4,10.8
1941.7917,-77.8,10.8
1941.875,-83.5,10.8
1941.9583,-83.6,10.9
1942.0417,-85.2,10.9
1942.125,-84.2,10.8
1942.2083,-85.5,10.8
1942.2917,-86,10.8
1942.375,-84.8,10.8
1942.4583,-81.8,10.8
1942.5417,-78.4,10.9
1942.625,-75.4,10.8
1942.7083,-73.5,10.8
1942.7917,-74.4,10.8
1942.875,-74.5,10.8
1942.9583,-76.9,10.8
1943.0417,-74.4,10.8
1943.125,-73.6,10.8
1943.2083,-74.1,10.8
1943.2917,-74.3,10.8
1943.375,-78.4,10.7
1943.4583,-78.2,10.7
1943.5417,-82.3,10.7
1943.625,-82.8,10.7
1943.7083,-84.2,10.7
1943.7917,-84.9,10.7
1943.875,-86.1,10.7
1943.9583,-86.7,11.2
1944.0417,-83.2,10.9
1944.125,-77.1,10.9
1944.2083,-74.4,10.8
1944.2917,-79,10.7
1944.375,-86.3,10.6
1944.4583,-92.1,10.6
1944.5417,-94.9,10.6
1944.625,-95.1,10.6
1944.7083,-93.2,10.6
1944.7917,-90.2,10.6
1944.875,-86.5,10.6
1944.9583,-85.3,10.6
1945.0417,-84.3,10.6
1945.125,-84.6,10.6
1945.2083,-85.4,10.6
1945.2917,-84.1,10.6
1945.375,-82.8,10.6
1945.4583,-78.8,10.6
1945.5417,-82.8,10.6
1945.625,-83,10.7
1945.7083,-87.3,10.8
1945.7917,-84.8,10.8
1945.875,-84.5,10.8
1945.9583,-81.2,11
1946.0417,-82.3,10.9
1946.125,-78.4,10.9
1946.2083,-79.2,10.9
1946.2917,-75.3,10.9
1946.375,-72.8,10.8
1946.4583,-69.8,10.8
1946.5417,-68.5,10.4
1946.625,-71,10.4
1946.7083,-74.9,10.4
1946.7917,-78.4,10.4
1946.875,-81,10.4
1946.9583,-81.7,10.2
1947.0417,-82.3,10
1947.125,-80.1,10
1947.2083,-77.5,9.8
1947.2917,-79.8,9.7
1947.375,-79.2,9.5
1947.4583,-77.2,9.5
1947.5417,-74.5,9.5
1947.625,-71.9,9.5
1947.7083,-68.5,9.5
1947.7917,-64,9.5
1947.875,-59.3,9.5
1947.9583,-61,9.5
1948.0417,-63.9,9.3
1948.125,-68.4,9.3
1948.2083,-70.5,9.3
1948.2917,-70.5,9.3
1948.375,-69.2,9.3
1948.4583,-69.3,9.3
1948.5417,-67.7,9.3
1948.625,-69.7,9.3
1948.7083,-68.3,9.2
1948.7917,-68.7,9.1
1948.875,-66.8,9.2
1948.9583,-65.6,9.2
1949.0417,-64,8.8
1949.125,-63.6,8.8
1949.2083,-67.2,8.8
1949.2917,-69.8,8.8
1949.375,-71.9,8.8
1949.4583,-72.2,8.2
1949.5417,-73.3,8.2
1949.625,-72,8.2
1949.7083,-73.4,8.2
1949.7917,-69.7,8.3
1949.875,-69.2,8.1
1949.9583,-67.7,8.1
1950.0417,-69.6,8
1950.125,-70.8,7.9
1950.2083,-70.9,7.9
1950.2917,-68.8,7.9
1950.375,-68.3,7.9
1950.4583,-67.9,7.9
1950.5417,-68.5,7.9
1950.625,-69.2,7.9
1950.7083,-67.5,7.9
1950.7917,-64.7,7.9
1950.875,-61.9,7.9
1950.9583,-59.5,7.9
1951.0417,-60.9,7.8
1951.125,-56.9,7.8
1951.2083,-51.6,7.8
1951.2917,-51,7.8
1951.375,-50.7,7.7
1951.4583,-55.8,7.7
1951.5417,-59.4,7.7
1951.625,-63,7.7
1951.7083,-61.7,7.7
1951.7917,-61.6,7.7
1951.875,-59.8,7.7
1951.9583,-61.6,7.7
1952.0417,-62.2,7.7
1952.125,-62.7,7.7
1952.2083,-64.4,7.7
1952.2917,-64.2,7.7
1952.375,-63.6,7.7
1952.4583,-61.1,7.7
1952.5417,-62.2,7.7
1952.625,-61.4,7.7
1952.7083,-59.1,7.6
1952.7917,-57.8,7.6
1952.875,-53.2,7.6
1952.9583,-52.7,7.6
1953.0417,-53.1,7.5
1953.125,-56,7.5
1953.2083,-57.8,7.5
1953.2917,-55.8,7.5
1953.375,-52.5,7.5
1953.4583,-49.9,7.4
1953.5417,-52.4,7.5
1953.625,-55,7.5
1953.7083,-57.6,7.4
1953.7917,-59.8,7.4
1953.875,-60.5,7.4
1953.9583,-61.2,7.4
1954.0417,-59,7.4
1954.125,-57.6,7.4
1954.2083,-56.9,7.4
1954.2917,-59.2,7.3
1954.375,-58.9,7.3
1954.4583,-61.8,7.3
1954.5417,-64.4,7.3
1954.625,-65.2,7.3
1954.7083,-62.9,7.3
1954.7917,-58,7.3
1954.875,-52.8,7.3
1954.9583,-50.5,7.3
1955.0417,-48.8,7.2
1955.125,-49.1,7.1
1955.2083,-52.4,7.1
1955.2917,-56.5,7.1
1955.375,-61.2,7.1
1955.4583,-64.2,7.1
1955.5417,-66.3,7.1
1955.625,-63.1,7.1
1955.7083,-62,7.1
1955.7917,-57.5,7.1
1955.875,-57,7.1
1955.9583,-57.6,7.1
1956.0417,-58.6,7.1
1956.125,-62.2,7.1
1956.2083,-61.4,7.1
1956.2917,-58.5,7.1
1956.375,-58.5,7
1956.4583,-60,7
1956.5417,-64.9,7
1956.625,-66.1,7
1956.7083,-66.8,7
1956.7917,-67.2,7
1956.875,-67.3,7
1956.9583,-65.9,7.2
1957.0417,-61.3,7.1
1957.125,-53.1,7.1
1957.2083,-48.9,7.1
1957.2917,-47.2,7.1
1957.375,-45.5,7.1
1957.4583,-45.4,7.1
1957.5417,-45.7,6.8
1957.625,-48.8,6.8
1957.7083,-49.6,6.8
1957.7917,-50.7,6.8
1957.875,-49.5,6.8
1957.9583,-50.5,6.8
1958.0417,-48.5,6.7
1958.125,-49,6.7
1958.2083,-48.9,6.7
1958.2917,-51.4,6.7
1958.375,-50.9,6.7
1958.4583,-51,6.7
1958.5417,-49.8,6.6
1958.625,-49.2,6.6
1958.7083,-47.9,6.6
1958.7917,-45.6,6.6
1958.875,-44.2,6.6
1958.9583,-43.3,6.6
1959.0417,-45.4,6.5
1959.125,-48.7,6.5
1959.2083,-50.8,6.5
1959.2917,-50.1,6.5
1959.375,-49.7,6.5
1959.4583,-48.3,6.5
1959.5417,-48,6.5
1959.625,-45.6,6.5
1959.7083,-46.6,6.5
1959.7917,-45,6.5
1959.875,-49.4,6.6
1959.9583,-48.6,6.6
1960.0417,-48.9,6.6
1960.125,-44.9,6.6
1960.2083,-45.1,6.6
1960.2917,-43.1,6.6
1960.375,-42.5,6.6
1960.4583,-42.9,6.6
1960.5417,-44.1,6.6
1960.625,-44.9,6.6
1960.7083,-45.4,6.6
1960.7917,-44.7,6.6
1960.875,-43.9,6.6
1960.9583,-40.8,6.6
1961.0417,-38,6.6
1961.125,-33.2,6.6
1961.2083,-32.8,6.6
1961.2917,-32.4,6.6
1961.375,-34.8,6.6
1961.4583,-36.9,6.6
1961.5417,-37.8,6.6
1961.625,-38.8,6.6
1961.7083,-40,6.6
1961.7917,-43.1,6.6
1961.875,-45.1,6.6
1961.9583,-44.2,6.7
1962.0417,-44.3,6.7
1962.125,-42.8,6.7
1962.2083,-44.1,6.6
1962.2917,-44.6,6.6
1962.375,-45.4,6.6
1962.4583,-45.1,6.6
1962.5417,-46.6,6.6
1962.625,-43.7,6.6
1962.7083,-42.3,6.6
1962.7917,-39.1,6.6
1962.875,-40.1,6.6
1962.9583,-41.7,6.7
1963.0417,-40.5,6.6
1963.125,-40.7,6.6
1963.2083,-40.8,6.6
1963.2917,-42.8,6.6
1963.375,-44.2,6.7
1963.4583,-45.7,6.7
1963.5417,-47,6.7
1963.625,-48.3,6.7
1963.7083,-45.9,6.6
1963.7917,-47.1,6.6
1963.875,-45.3,6.6
1963.9583,-50.8,6.6
1964.0417,-55,6.6
1964.125,-59.3,6.6
1964.2083,-60.2,6.6
1964.2917,-60.7,6.6
1964.375,-56.2,6.6
1964.4583,-50.8,6.7
1964.5417,-46.8,6.7
1964.625,-46.6,6.7
1964.7083,-48.5,6.7
1964.7917,-51.3,6.7
1964.875,-50.8,6.7
1964.9583,-47.7,6.8
1965.0417,-43.3,6.7
1965.125,-38.8,6.7
1965.2083,-40.8,6.8
1965.2917,-44,6.7
1965.375,-47.6,6.7
1965.4583,-46.7,6.6
1965.5417,-43.5,6.5
1965.625,-40,6.5
1965.7083,-36.6,6.6
1965.7917,-38.2,6.6
1965.875,-38.7,6.7
1965.9583,-40.3,6.7
1966.0417,-40.9,6.5
1966.125,-42.9,6.5
1966.2083,-45.4,6.4
1966.2917,-47.5,6.5
1966.375,-48.6,6.5
1966.4583,-48.9,6.5
1966.5417,-47.1,6.5
1966.625,-46.7,6.5
1966.7083,-46.7,6.6
1966.7917,-48.1,6.6
1966.875,-51.5,6.6
1966.9583,-49.3,6.6
1967.0417,-50.5,6.6
1967.125,-50.2,6.6
1967.2083,-52.5,6.6
1967.2917,-50.9,6.5
1967.375,-49.4,6.6
1967.4583,-44.6,6.5
1967.5417,-44,6.5
1967.625,-42,6.5
1967.7083,-41.7,6.5
1967.7917,-41,6.5
1967.875,-40.4,6.5
1967.9583,-40.1,6.6
1968.0417,-39.6,6.7
1968.125,-42,6.7
1968.2083,-48,6.7
1968.2917,-53,6.7
1968.375,-56.7,6.7
1968.4583,-55.3,6.7
1968.5417,-50.9,6.7
1968.625,-43.5,6.7
1968.7083,-39.6,6.7
1968.7917,-36,6.7
1968.875,-35.7,6.7
1968.9583,-37.4,6.9
1969.0417,-35.8,6.9
1969.125,-37.2,6.9
1969.2083,-36.2,7
1969.2917,-37.4,7
1969.375,-38.6,7
1969.4583,-39.1,7
1969.5417,-41.1,7
1969.625,-38.9,7
1969.7083,-37.9,7
1969.7917,-36.5,7
1969.875,-37.9,7
1969.9583,-39.4,7
1970.0417,-38.8,7
1970.125,-37.6,7
1970.2083,-38.2,7
1970.2917,-41.1,6.9
1970.375,-41.3,6.9
1970.4583,-41,6.9
1970.5417,-42.6,6.9
1970.625,-41.9,7
1970.7083,-42.4,7
1970.7917,-38.7,7
1970.875,-38.6,7
1970.9583,-37.1,7
1971.0417,-34.9,7
1971.125,-31.7,7
1971.2083,-30.7,7
1971.2917,-31.4,6.9
1971.375,-35.2,6.9
1971.4583,-37.7,6.9
1971.5417,-38.5,6.9
1971.625,-36.5,6.9
1971.7083,-33.1,6.9
1971.7917,-33.5,6.9
1971.875,-35.9,6.9
1971.9583,-37.6,6.9
1972.0417,-34,6.9
1972.125,-29.2,6.9
1972.2083,-25.3,7.1
1972.2917,-24.6,7.1
1972.375,-22.6,6.9
1972.4583,-20.2,6.9
1972.5417,-19.1,6.9
1972.625,-23.1,6.9
1972.7083,-25.7,6.9
1972.7917,-27.9,6.9
1972.875,-26.9,6.9
1972.9583,-28.5,6.9
1973.0417,-33.2,6.9
1973.125,-33.6,6.9
1973.2083,-34.6,6.9
1973.2917,-31.7,6.9
1973.375,-33.8,6.9
1973.4583,-32.7,6.8
1973.5417,-34.4,6.8
1973.625,-34.4,6.8
1973.7083,-34.5,6.8
1973.7917,-31.6,6.8
1973.875,-24.7,6.8
1973.9583,-19.9,6.8
1974.0417,-15.4,6.8
1974.125,-16.5,6.8
1974.2083,-17.6,6.8
1974.2917,-17.4,6.8
1974.375,-17.7,6.8
1974.4583,-18.3,6.8
1974.5417,-20.4,6.8
1974.625,-22.1,6.8
1974.7083,-23,6.8
1974.7917,-23.8,6.8
1974.875,-22.6,6.8
1974.9583,-21.8,6.8
1975.0417,-21.1,6.8
1975.125,-20.2,6.8
1975.2083,-18.7,6.8
1975.2917,-20,6.7
1975.375,-21.3,6.7
1975.4583,-23.4,6.7
1975.5417,-23.4,6.7
1975.625,-22,6.7
1975.7083,-21.3,6.7
1975.7917,-20.7,6.7
1975.875,-20.5,6.8
1975.9583,-22.7,6.8
1976.0417,-22.9,6.8
1976.125,-25.7,6.8
1976.2083,-24.4,6.8
1976.2917,-23.2,6.8
1976.375,-22.5,6.8
1976.4583,-20.4,6.8
1976.5417,-21.6,6.8
1976.625,-23.5,6.8
1976.7083,-22.2,6.8
1976.7917,-22.6,6.7
1976.875,-19.7,6.7
1976.9583,-19.5,6.7
1977.0417,-20.9,6.7
1977.125,-23.6,6.7
1977.2083,-25.4,6.7
1977.2917,-27.6,6.7
1977.375,-27.1,6.7
1977.4583,-26.5,6.6
1977.5417,-25.5,6.6
1977.625,-24.8,6.6
1977.7083,-23.8,6.5
1977.7917,-23.1,6.5
1977.875,-21,6.5
1977.9583,-18.3,6.6
1978.0417,-15.7,6.6
1978.125,-12,6.6
1978.2083,-13,6.6
1978.2917,-13.3,6.6
1978.375,-17,6.6
1978.4583,-18.5,6.6
1978.5417,-19.9,6.7
1978.625,-18.3,6.7
1978.7083,-18,6.7
1978.7917,-17.7,6.7
1978.875,-22.2,6.7
1978.9583,-25.2,6.7
1979.0417,-28,6.7
1979.125,-26.9,6.7
1979.2083,-25.8,6.7
1979.2917,-26.1,6.7
1979.375,-27.5,6.7
1979.4583,-27.1,6.7
1979.5417,-24.7,6.7
1979.625,-19.9,6.7
1979.7083,-17.3,6.7
1979.7917,-14.9,6.7
1979.875,-17.2,6.5
1979.9583,-15,6.5
1980.0417,-15.2,6.5
1980.125,-14.1,6.5
1980.2083,-16.1,6.4
1980.2917,-15.8,6.5
1980.375,-16.1,6.5
1980.4583,-16.7,6.5
1980.5417,-19.2,6.6
1980.625,-21,6.6
1980.7083,-21,6.6
1980.7917,-19.2,6.6
1980.875,-14,6.6
1980.9583,-9.9,6.6
1981.0417,-7.8,6.5
1981.125,-6.8,6.5
1981.2083,-5,6.6
1981.2917,-4,6.6
1981.375,-2.7,6.6
1981.4583,-2.2,6.5
1981.5417,-3.9,6.5
1981.625,-3.1,6.4
1981.7083,-4.1,6.4
1981.7917,-2,6.4
1981.875,-2.9,6.4
1981.9583,-4.4,6.4
1982.0417,-8.2,6.4
1982.125,-9.3,6.4
1982.2083,-10.6,6.4
1982.2917,-13.1,6.4
1982.375,-13.5,6.4
1982.4583,-14.7,6.3
1982.5417,-15.8,6.3
1982.625,-14.4,6.3
1982.7083,-10.3,6.3
1982.7917,-4.7,6.2
1982.875,-2.1,6.2
1982.9583,-1.6,6.4
1983.0417,0.2,6.4
1983.125,-0.5,6.5
1983.2083,1.1,6.5
1983.2917,4.3,6.5
1983.375,7.5,6.5
1983.4583,6,6.5
1983.5417,1.8,6.5
1983.625,-5.9,6.4
1983.7083,-6.7,6.4
1983.7917,-9.7,6.5
1983.875,-6.8,6.5
1983.9583,-8.9,6.5
1984.0417,-7.5,6.5
1984.125,-6.3,6.5
1984.2083,-3,6.4
1984.2917,-2.2,6.3
1984.375,-1.2,6.3
1984.4583,1,6.3
1984.5417,0.6,6.3
1984.625,2,6.3
1984.7083,-0.2,6.3
1984.7917,-1.1,6.3
1984.875,-4.4,6.3
1984.9583,-6.4,6.4
1985.0417,-10.4,6.2
1985.125,-9.5,6.2
1985.2083,-11.7,6.2
1985.2917,-11.7,6.2
1985.375,-13.5,6.3
1985.4583,-13.1,6.3
1985.5417,-13.7,6.3
1985.625,-15.4,6.3
1985.7083,-14.6,6.3
1985.7917,-13.9,6.3
1985.875,-12.5,6.3
1985.9583,-12.2,6.3
1986.0417,-10.8,6.3
1986.125,-9.7,6.3
1986.2083,-10.3,6.3
1986.2917,-10.5,6.3
1986.375,-11.8,6.3
1986.4583,-11,6.3
1986.5417,-13.3,6.3
1986.625,-12.5,6.3
1986.7083,-13.5,6.3
1986.7917,-13.9,6.3
1986.875,-14.3,6.2
1986.9583,-13.1,6.2
1987.0417,-11.2,6.2
1987.125,-8.5,6.2
1987.2083,-10.8,6.2
1987.2917,-12.4,6.3
1987.375,-10.9,6.3
1987.4583,-9.3,6.3
1987.5417,-8.2,6.3
1987.625,-13.5,6.3
1987.7083,-15.3,6.2
1987.7917,-16.7,6.2
1987.875,-12.1,6.2
1987.9583,-8.6,6.3
1988.0417,-9.1,6.3
1988.125,-7.8,6.2
1988.2083,-9.9,6.3
1988.2917,-8.2,6.3
1988.375,-8.1,6.3
1988.4583,-6.6,6.3
1988.5417,-6.4,6.3
1988.625,-4.8,6.3
1988.7083,-3.3,6.3
1988.7917,-2.6,6.3
1988.875,-4.9,6.3
1988.9583,-9.4,6.4
1989.0417,-9.4,6.4
1989.125,-8,6.3
1989.2083,-2.4,6.3
1989.2917,-1.6,6.3
1989.375,-1.1,6.3
1989.4583,-3,6.3
1989.5417,-2.7,6.3
1989.625,-1,6.4
1989.7083,0.3,6.4
1989.7917,0.6,6.4
1989.875,1.1,6.4
1989.9583,-0.6,6.4
1990.0417,-0.2,6.5
1990.125,-2.6,6.5
1990.2083,-4.4,6.5
1990.2917,-3.9,6.5
1990.375,-4.1,6.5
1990.4583,0,6.5
1990.5417,-0.2,6.5
1990.625,2.8,6.5
1990.7083,3,6.5
1990.7917,3.8,6.5
1990.875,4.3,6.5
1990.9583,1.6,6.5
1991.0417,3,6.5
1991.125,3.7,6.5
1991.2083,5,6.5
1991.2917,1.4,6.5
1991.375,-1,6.5
1991.4583,-1.4,6.5
1991.5417,1,6.5
1991.625,3.6,6.5
1991.7083,3.8,6.5
1991.7917,4.1,6.5
1991.875,4,6.5
1991.9583,2.9,6.6
1992.0417,5,6.6
1992.125,6,6.6
1992.2083,4.6,6.5
1992.2917,3.1,6.6
1992.375,0.6,6.6
1992.4583,1,6.6
1992.5417,0.3,6.6
1992.625,0.6,6.6
1992.7083,2.2,6.5
1992.7917,5.5,6.5
1992.875,5.1,6.5
1992.9583,4,6.6
1993.0417,2.7,6.6
1993.125,3.8,6.6
1993.2083,6.3,6.6
1993.2917,8.3,6.6
1993.375,8.6,6.6
1993.4583,4.3,6.6
1993.5417,0.6,6.6
1993.625,-2.4,6.6
1993.7083,-5.3,6.6
1993.7917,-4.1,6.6
1993.875,-5.2,6.6
1993.9583,-0.6,6.6
1994.0417,3.4,6.6
1994.125,4,6.6
1994.2083,6,6.6
1994.2917,5.1,6.5
1994.375,7.4,6.5
1994.4583,6.4,6.5
1994.5417,9,6.5
1994.625,8.3,6.5
1994.7083,8,6.5
1994.7917,7.6,6.5
1994.875,5.9,6.6
1994.9583,7.8,6.6
1995.0417,8.6,6.6
1995.125,9.7,6.6
1995.2083,10.4,6.6
1995.2917,8.6,6.6
1995.375,7.7,6.6
1995.4583,6.6,6.6
1995.5417,7.9,6.5
1995.625,7.3,6.5
1995.7083,8.6,6.5
1995.7917,10.1,6.5
1995.875,12.5,6.5
1995.9583,16.3,6.5
1996.0417,16.2,6.6
1996.125,16.1,6.6
1996.2083,11.1,6.6
1996.2917,8.4,6.6
1996.375,7.5,6.6
1996.4583,7.1,6.6
1996.5417,13,6.5
1996.625,15.6,6.6
1996.7083,20.7,6.6
1996.7917,18.1,6.7
1996.875,16,6.7
1996.9583,14.2,6.7
1997.0417,16.5,6.6
1997.125,19.2,6.6
1997.2083,22.8,6.6
1997.2917,23.1,6.6
1997.375,22.7,6.6
1997.4583,22.2,6.6
1997.5417,17.6,6.6
1997.625,17.7,6.6
1997.7083,16.9,6.6
1997.7917,22.1,6.6
1997.875,22,6.7
1997.9583,23.9,6.7
1998.0417,20.4,6.7
1998.125,16.4,6.7
1998.2083,11.5,6.8
1998.2917,7.1,6.9
1998.375,6.5,6.8
1998.4583,7.2,6.8
1998.5417,9.5,6.8
1998.625,10.1,6.8
1998.7083,11.6,6.8
1998.7917,9.9,6.8
1998.875,8.9,6.8
1998.9583,8.9,6.8
1999.0417,12.5,6.8
1999.125,15.8,6.8
1999.2083,20.7,6.7
1999.2917,19.9,6.8
1999.375,21.9,6.8
1999.4583,21.3,6.8
1999.5417,23.2,6.9
1999.625,22.7,7
1999.7083,22.2,7
1999.7917,20.3,6.9
1999.875,16.2,6.9
1999.9583,14,6.9
2000.0417,12.8,6.8
2000.125,15.5,6.8
2000.2083,19.4,6.8
2000.2917,22.2,6.8
2000.375,26.2,6.8
2000.4583,25.9,6.8
2000.5417,27.1,6.8
2000.625,22.4,6.9
2000.7083,20,6.8
2000.7917,16.7,6.8
2000.875,17.8,6.8
2000.9583,19.8,6.8
2001.0417,23.8,6.7
2001.125,24.2,6.7
2001.2083,27,6.7
2001.2917,24.8,6.7
2001.375,25.3,6.7
2001.4583,25.7,6.7
2001.5417,27.1,6.7
2001.625,29.8,6.7
2001.7083,29.9,6.7
2001.7917,27.6,6.7
2001.875,24.5,6.8
2001.9583,22.1,6.8
2002.0417,23.1,6.8
2002.125,24.3,6.8
2002.2083,25.9,6.8
2002.2917,24.9,6.8
2002.375,26.5,6.8
2002.4583,29.2,6.8
2002.5417,29.4,6.8
2002.625,28.5,6.8
2002.7083,30,6.8
2002.7917,31.4,6.8
2002.875,34.2,6.8
2002.9583,32.9,6.8
2003.0417,31.8,6.7
2003.125,30.2,6.8
2003.2083,29.3,6.8
2003.2917,33.5,6.8
2003.375,35.9,6.8
2003.4583,40,6.8
2003.5417,40,7
2003.625,42.4,7
2003.7083,43.6,7.1
2003.7917,44.3,7.1
2003.875,41,6.9
2003.9583,39.3,7
2004.0417,36.3,6.9
2004.125,33.4,6.9
2004.2083,33.9,7
2004.2917,34.9,6.9
2004.375,39.2,6.9
2004.4583,41.5,6.9
2004.5417,40.4,6.9
2004.625,41.6,7
2004.7083,38.6,7
2004.7917,37.3,6.9
2004.875,34.5,6.9
2004.9583,34.6,6.9
2005.0417,36.6,6.8
2005.125,37.2,6.8
2005.2083,36.2,6.9
2005.2917,36.4,6.9
2005.375,37.9,6.8
2005.4583,40,6.8
2005.5417,40.7,6.8
2005.625,39.7,6.8
2005.7083,36.6,6.8
2005.7917,36,6.8
2005.875,34.7,6.8
2005.9583,35.5,6.8
2006.0417,35.2,6.8
2006.125,37.8,6.8
2006.2083,43,6.8
2006.2917,44.7,6.8
2006.375,43.4,6.8
2006.4583,40.8,6.8
2006.5417,40.3,6.8
2006.625,42.2,6.8
2006.7083,43.5,6.8
2006.7917,44.6,6.9
2006.875,44.2,6.9
2006.9583,39.1,7
2007.0417,35.6,7
2007.125,31.4,7
2007.2083,34.3,7.1
2007.2917,38.3,7.1
2007.375,45.5,7.2
2007.4583,49.1,7.2
2007.5417,50.5,7.2
2007.625,50.5,7.3
2007.7083,47.9,7.1
2007.7917,46.5,7
2007.875,46.8,6.9
2007.9583,45.4,6.8
2008.0417,46.5,6.8
2008.125,46.1,6.8
2008.2083,52.5,6.8
2008.2917,56.3,6.8
2008.375,60.1,6.8
2008.4583,60.1,6.8
2008.5417,59.3,6.8
2008.625,55,6.8
2008.7083,50.9,6.8
2008.7917,46.8,6.8
2008.875,46.8,6.8
2008.9583,46,6.9
2009.0417,47.5,6.9
2009.125,46.8,6.9
2009.2083,49,6.9
2009.2917,50.2,6.9
2009.375,55.6,6.9
2009.4583,59.6,6.9
2009.5417,62.7,6.9
2009.625,62.9,6.8
2009.7083,63.6,6.8
2009.7917,63.9,6.8
2009.875,65.6,6.9
2009.9583,68.8,7
2010.0417,67.6,7.1
2010.125,67.6,7.1
2010.2083,63.2,7.1
2010.2917,65,7
2010.375,61.7,7.1
2010.4583,61.8,7.1
2010.5417,61,7.1
2010.625,63.3,7.1
2010.7083,65.2,7.1
2010.7917,68.7,7.1
2010.875,71.1,7.1
2010.9583,72.8,7.4
2011.0417,70.4,7.4
2011.125,68.5,7.4
2011.2083,67.2,7.5
2011.2917,70.6,7.5
2011.375,72.6,7.5
2011.4583,73.2,7.6
2011.5417,72.1,7.6
2011.625,69.3,7.6
2011.7083,67,7.6
2011.7917,62.6,7.6
2011.875,58.7,7.6
2011.9583,55.4,7.7
2012.0417,58.5,7.7
2012.125,63.8,7.7
2012.2083,72.5,8.3
2012.2917,80.4,8.3
2012.375,82,8.4
2012.4583,82.4,8.4
2012.5417,78.1,8.4
2012.625,78.8,8.4
2012.7083,78.6,8.4
2012.7917,80.8,8.4
2012.875,79.4,8.4
2012.9583,77.7,8.8
2013.0417,70.5,8.8
2013.125,65.7,8.8
2013.2083,67,8.8
2013.2917,69.8,8.8
2013.375,72,8.8
2013.4583,71.5,8.8
2013.5417,71.2,8.8
2013.625,71.6,8.8
2013.7083,68.8,8.8
2013.7917,66.4,8.9
2013.875,59.7,9
2013.9583,58.5,9
